Metric,Value
RMSE,8.666049821118044
MAE,6.595936896116411
R2,0.7198056890491142
Direction_Accuracy,46.111111111111114
Mean_Pct_Error,3.025565307735369
