Metric,Value,Description
RMSE,36.82544972157241,均方根误差
MAE,34.42436742389691,平均绝对误差
R2,-5.16491484961651,决定系数
